"RT_ID","Plant_ID","leaf_N","Day_leafN_measurement"
"235","A",2.89615,1
"235","B",2.78485,1
"235","C",2.78455,1
"235","D",2.8953,1
"235","E",2.9159,1
"235","F",3.109,1
"238","A",2.61545,1
"238","B",2.9367,1
"238","C",2.8434,1
"238","D",2.87115,1
"238","E",2.9559,1
"238","F",2.9202,1
"240","A",3.36025,1
"240","B",3.21405,1
"240","C",3.1936,1
"240","D",2.9857,1
"240","E",3.3117,1
"240","F",2.99035,1
"241","A",2.7653,1
"241","B",3.0214,1
"241","C",2.97905,1
"241","D",2.9752,1
"241","E",2.93355,1
"241","F",2.8921,1
"242","A",3.03995,1
"242","B",2.6719,1
"242","C",2.7759,1
"242","D",3.2151,1
"242","E",3.20815,1
"242","F",2.82675,1
"243","A",3.1498,1
"243","B",2.87025,1
"243","C",2.8428,1
"243","D",2.7929,1
"243","E",3.0165,1
"243","F",3.25915,1
"244","A",3.3093,1
"244","B",3.36975,1
"244","C",2.67355,1
"244","D",2.9934,1
"244","E",2.64755,1
"244","F",2.88325,1
"245","A",3.1018,1
"245","B",3.38915,1
"245","C",2.97705,1
"245","D",3.4025,1
"245","E",3.3486,1
"245","F",3.23335,1
"246","A",3.6908,1
"246","B",3.2156,1
"246","C",3.30965,1
"246","D",3.24585,1
"246","E",3.36825,1
"246","F",3.26595,1
"247","A",3.0283,1
"247","B",3.2437,1
"247","C",3.05265,1
"247","D",2.66575,1
"247","E",3.19175,1
"247","F",3.4079,1
"248","A",3.13885,1
"248","B",2.75345,1
"248","C",3.4219,1
"248","D",3.44055,1
"248","E",3.2523,1
"248","F",2.91435,1
"249","A",3.1154,1
"249","B",2.65395,1
"249","C",3.6407,1
"249","D",2.82625,1
"249","E",3.55895,1
"249","F",2.80115,1
"250","A",3.2718,1
"250","B",3.0916,1
"250","C",3.06335,1
"250","D",3.05845,1
"250","E",3.002,1
"250","F",3.1848,1
"251","A",2.9801,1
"251","B",3.33795,1
"251","C",3.01415,1
"251","D",2.8248,1
"251","E",2.9925,1
"251","F",3.07125,1
"252","A",3.1282,1
"252","B",3.5429,1
"252","C",3.00105,1
"252","D",3.07805,1
"252","E",2.88365,1
"252","F",2.8816,1
"253","A",3.5817,1
"253","B",2.7563,1
"253","C",3.05805,1
"253","D",2.86715,1
"253","E",2.8291,1
"253","F",3.42995,1
"254","A",2.8693,1
"254","B",2.58085,1
"254","C",2.6248,1
"254","D",2.69965,1
"254","E",2.9632,1
"254","F",2.85455,1
"255","A",2.81725,1
"255","B",2.86935,1
"255","C",3.0204,1
"255","D",3.15465,1
"255","E",2.94765,1
"255","F",3.01885,1
"256","A",3.0884,1
"256","B",2.8144,1
"256","C",3.1893,1
"256","D",2.94615,1
"256","E",2.82365,1
"256","F",3.26055,1
"257","A",3.1944,1
"257","B",3.04355,1
"257","C",3.1068,1
"257","D",2.75835,1
"257","E",3.24525,1
"257","F",2.7481,1
"258","A",3.03175,1
"258","B",3.028,1
"258","C",2.86045,1
"258","D",2.7325,1
"258","E",2.7312,1
"258","F",3.08535,1
"261","A",2.5823,1
"261","B",3.1591,1
"261","C",2.8269,1
"261","D",2.6796,1
"261","E",3.1301,1
"261","F",3.0835,1
"262","A",3.5108,1
"262","B",3.01335,1
"262","C",3.0766,1
"262","D",2.72315,1
"262","E",2.8437,1
"262","F",3.4659,1
"264","A",2.8746,1
"264","B",3.06515,1
"264","C",2.9096,1
"264","D",2.79995,1
"264","E",2.9505,1
"264","F",2.72515,1
"265","A",2.71675,1
"265","B",2.9235,1
"265","C",2.8356,1
"265","D",2.83845,1
"265","E",2.64755,1
"265","F",2.97005,1
"266","A",2.62575,1
"266","B",2.61045,1
"266","C",2.5008,1
"266","D",2.91975,1
"266","E",2.6331,1
"266","F",3.31495,1
"267","A",2.70525,1
"267","B",3.14875,1
"267","C",2.8807,1
"267","D",2.95745,1
"267","E",2.8121,1
"267","F",2.8139,1
"268","A",2.7554,1
"268","B",2.93055,1
"268","C",2.7566,1
"268","D",2.90865,1
"268","E",2.8592,1
"268","F",2.9417,1
"269","A",3.43495,1
"269","B",2.85485,1
"269","C",3.14985,1
"269","D",2.73565,1
"269","E",2.69875,1
"269","F",2.8153,1
"270","A",2.6195,1
"270","B",2.8155,1
"270","C",2.45905,1
"270","D",2.62795,1
"270","E",2.7571,1
"270","F",2.3905,1
"271","A",2.98665,1
"271","B",2.8887,1
"271","C",2.93185,1
"271","D",3.18415,1
"271","E",2.77085,1
"271","F",2.77165,1
"272","A",2.73035,1
"272","B",2.7985,1
"272","C",2.84715,1
"272","D",2.86325,1
"272","E",2.78425,1
"272","F",2.822,1
"273","A",3.58505,1
"273","B",3.0692,1
"273","C",3.2455,1
"273","D",2.9028,1
"273","E",2.91805,1
"273","F",2.4656,1
"274","A",2.6228,1
"274","B",2.75195,1
"274","C",2.7157,1
"274","D",2.84025,1
"274","E",2.80305,1
"274","F",2.9946,1
"275","A",2.75675,1
"275","B",2.82915,1
"275","C",2.9197,1
"275","D",2.76855,1
"275","E",3.0008,1
"275","F",2.9187,1
"276","A",2.8895,1
"276","B",2.83275,1
"276","C",2.7219,1
"276","D",2.86965,1
"276","E",3.1108,1
"276","F",3.0134,1
"277","A",3.18415,1
"277","B",2.73965,1
"277","C",2.9878,1
"277","D",2.9513,1
"277","E",2.6392,1
"277","F",2.78475,1
"278","A",2.8664,1
"278","B",3.1371,1
"278","C",3.37725,1
"278","D",2.73615,1
"278","E",3.3455,1
"278","F",2.6515,1
"279","A",3.6304,1
"279","B",2.5417,1
"279","C",2.5527,1
"279","D",2.49395,1
"279","E",2.7249,1
"279","F",2.86865,1
"280","A",2.89655,1
"280","B",2.81845,1
"280","C",2.9708,1
"280","D",2.83565,1
"280","E",3.21445,1
"280","F",2.83785,1
"281","A",3.18655,1
"281","B",3.45895,1
"281","C",3.1711,1
"281","D",3.2567,1
"281","E",3.18325,1
"281","F",3.30995,1
"282","A",2.7897,1
"282","B",2.7719,1
"282","C",3.1174,1
"282","D",2.9793,1
"282","E",2.8702,1
"282","F",2.9866,1
"283","A",3.17985,1
"283","B",3.0895,1
"283","C",3.2867,1
"283","D",2.98705,1
"283","E",2.6969,1
"283","F",2.95605,1
"284","A",2.92975,1
"284","B",3.1938,1
"284","C",3.04445,1
"284","D",2.78235,1
"284","E",2.76215,1
"284","F",2.39075,1
"287","A",2.6275,1
"287","B",2.52865,1
"287","C",2.9623,1
"287","D",2.65355,1
"287","E",2.4256,1
"287","F",3.2024,1
"288","A",3.0786,1
"288","B",3.18555,1
"288","C",3.30445,1
"288","D",2.8117,1
"288","E",2.5845,1
"288","F",2.5064,1
"289","A",2.72225,1
"289","B",2.8997,1
"289","C",2.8904,1
"289","D",2.49615,1
"289","E",2.434,1
"289","F",2.23585,1
"290","A",2.93995,1
"290","B",2.6766,1
"290","C",3.30335,1
"290","D",2.5242,1
"290","E",2.73075,1
"290","F",2.5641,1
"291","A",3.1016,1
"291","B",2.843,1
"291","C",2.7271,1
"291","D",2.8677,1
"291","E",2.98545,1
"291","F",2.87735,1
"292","A",2.60435,1
"292","B",3.1056,1
"292","C",2.55565,1
"292","D",2.5628,1
"292","E",2.50515,1
"292","F",2.45965,1
"293","A",2.55045,1
"293","B",2.41635,1
"293","C",3.0218,1
"293","D",2.7454,1
"293","E",2.5317,1
"293","F",3.0937,1
"294","A",2.72485,1
"294","B",2.67815,1
"294","C",2.6803,1
"294","D",2.539,1
"294","E",2.67695,1
"294","F",2.6347,1
"295","A",2.58485,1
"295","B",2.3542,1
"295","C",2.4564,1
"295","D",2.66295,1
"295","E",2.79125,1
"295","F",2.9544,1
"296","A",2.8834,1
"296","B",2.9423,1
"296","C",2.91775,1
"296","D",2.82925,1
"296","E",2.9567,1
"296","F",2.82975,1
"297","A",3.0675,1
"297","B",2.62115,1
"297","C",2.97685,1
"297","D",2.97025,1
"297","E",3.30255,1
"297","F",2.89475,1
"298","A",2.5001,1
"298","B",3.36265,1
"298","C",2.5643,1
"298","D",2.6775,1
"298","E",2.70135,1
"298","F",3.4362,1
"299","A",2.81145,1
"299","B",2.8705,1
"299","C",2.4297,1
"299","D",3.07715,1
"299","E",2.68055,1
"299","F",2.7781,1
"301","A",2.84145,1
"301","B",2.81425,1
"301","C",2.84735,1
"301","D",2.55015,1
"301","E",2.78195,1
"301","F",2.70325,1
"302","A",3.29085,1
"302","B",2.64435,1
"302","C",2.31315,1
"302","D",2.58335,1
"302","E",2.43685,1
"302","F",2.7312,1
"303","A",3.33895,1
"303","B",2.66385,1
"303","C",2.7278,1
"303","D",2.95005,1
"303","E",3.23645,1
"303","F",3.1585,1
"305","A",2.5589,1
"305","B",2.95915,1
"305","C",2.7988,1
"305","D",3.2759,1
"305","E",3.0191,1
"305","F",3.26885,1
"306","A",2.75055,1
"306","B",2.54045,1
"306","C",2.73205,1
"306","D",2.49245,1
"306","E",2.7682,1
"306","F",2.8648,1
"307","A",2.9988,1
"307","B",2.76635,1
"307","C",2.99965,1
"307","D",2.59525,1
"307","E",2.71745,1
"307","F",2.3618,1
"309","A",2.7094,1
"309","B",2.7192,1
"309","C",2.8814,1
"309","D",2.84705,1
"309","E",2.7054,1
"309","F",2.56985,1
"310","A",3.0134,1
"310","B",3.09635,1
"310","C",2.6304,1
"310","D",2.81035,1
"310","E",2.4311,1
"310","F",2.64955,1
"547","A",3.2775,1
"547","B",3.1705,1
"547","C",3.2374,1
"547","D",3.3298,1
"547","E",3.4691,1
"547","F",3.139,1
"548","A",3.3133,1
"548","B",3.3008,1
"548","C",3.8612,1
"548","D",3.7722,1
"548","E",3.8961,1
"548","F",3.7955,1
"549","A",3.1727,1
"549","B",3.9857,1
"549","C",3.8107,1
"549","D",3.2519,1
"549","E",3.8313,1
"549","F",3.434,1
"550","A",3.1469,1
"550","B",3.2232,1
"550","C",3.1139,1
"550","D",3.1776,1
"550","E",3.5354,1
"550","F",3.2252,1
"551","A",3.7785,1
"551","B",3.3894,1
"551","C",3.3665,1
"551","D",3.1629,1
"551","E",3.3221,1
"551","F",3.1126,1
"552","A",3.319,1
"552","B",3.0627,1
"552","C",3.1778,1
"552","D",3.4791,1
"552","E",3.5649,1
"552","F",3.1541,1
"553","A",3.0261,1
"553","B",2.9502,1
"553","C",3.0951,1
"553","D",2.8765,1
"553","F",3.2179,1
"554","A",3.7193,1
"554","B",3.3064,1
"554","C",3.9295,1
"554","D",3.0549,1
"554","E",3.7786,1
"554","F",3.0688,1
"555","A",3.4614,1
"555","B",3.7697,1
"555","C",3.5091,1
"555","D",3.552,1
"555","E",3.3338,1
"555","F",3.4018,1
"556","A",3.2236,1
"556","B",3.3026,1
"556","C",3.3192,1
"556","D",3.6454,1
"556","E",3.2982,1
"556","F",3.6021,1
"557","A",3.6786,1
"557","C",4.0854,1
"557","D",3.7472,1
"557","E",3.7828,1
"557","F",3.6428,1
"558","A",2.8344,1
"558","B",3.9325,1
"558","C",3.6497,1
"558","D",3.6713,1
"558","E",3.9367,1
"558","F",3.9166,1
"559","A",3.9385,1
"559","B",3.3166,1
"559","C",3.488,1
"559","D",3.5075,1
"559","E",3.3781,1
"559","F",3.634,1
"560","A",3.875,1
"560","B",3.4063,1
"560","C",2.7408,1
"560","D",3.1681,1
"560","E",3.4678,1
"560","F",3.6362,1
"561","A",3.0316,1
"561","B",3.3754,1
"561","C",3.8205,1
"561","D",3.5015,1
"561","E",3.3428,1
"561","F",3.3984,1
"562","A",3.6755,1
"562","B",3.2757,1
"562","C",3.7226,1
"562","D",3.3344,1
"562","E",3.196,1
"562","F",3.4383,1
"564","A",3.4119,1
"564","B",4.014,1
"564","C",3.6918,1
"564","D",3.9082,1
"564","E",3.1812,1
"564","F",3.6688,1
"565","A",3.7108,1
"565","B",3.3346,1
"565","C",3.7402,1
"565","D",3.1857,1
"565","E",3.6186,1
"565","F",3.7321,1
"566","A",3.7597,1
"566","B",3.4429,1
"566","C",3.6752,1
"566","D",3.704,1
"566","E",3.8188,1
"566","F",3.446,1
"567","A",3.4389,1
"567","B",3.5895,1
"567","C",3.3242,1
"567","D",2.9721,1
"567","E",3.6148,1
"567","F",3.3282,1
"568","A",3.5853,1
"568","B",3.4734,1
"568","C",3.1923,1
"568","D",3.3529,1
"568","E",3.6371,1
"568","F",3.6453,1
"569","A",3.3694,1
"569","B",3.1835,1
"569","C",3.4079,1
"569","D",3.5993,1
"569","E",3.2779,1
"569","F",3.1934,1
"570","A",4.1165,1
"570","B",3.8757,1
"570","C",3.7707,1
"570","D",3.0766,1
"570","E",3.7931,1
"570","F",2.9607,1
"573","A",3.2731,1
"573","B",3.0118,1
"573","C",3.1008,1
"573","D",3.1019,1
"573","E",3.285,1
"573","F",2.903,1
"574","A",3.5131,1
"574","B",3.6208,1
"574","C",3.549,1
"574","D",3.6126,1
"574","F",3.8738,1
"575","A",3.4318,1
"575","B",4.1882,1
"575","C",3.3007,1
"575","D",3.4964,1
"575","E",3.3168,1
"575","F",3.25,1
"577","A",4.5447,1
"577","B",3.7926,1
"577","C",3.6361,1
"577","D",3.2077,1
"577","E",3.5244,1
"577","F",3.1886,1
"579","A",3.3971,1
"579","B",4.0554,1
"579","C",3.2305,1
"579","D",3.3388,1
"579","E",3.9047,1
"579","F",3.512,1
"580","A",3.4687,1
"580","B",3.0668,1
"580","C",3.4682,1
"580","D",3.8011,1
"580","E",3.3267,1
"580","F",3.2932,1
"581","A",3.5329,1
"581","B",3.5727,1
"581","C",3.4467,1
"581","D",3.3901,1
"581","E",3.4592,1
"581","F",3.3175,1
"582","A",3.458,1
"582","B",3.762,1
"582","C",3.9254,1
"582","D",4.0214,1
"582","E",3.3274,1
"582","F",3.4868,1
"583","A",3.3203,1
"583","B",4.2004,1
"583","C",3.8989,1
"583","D",3.7759,1
"583","E",3.6855,1
"583","F",3.7568,1
"584","A",3.7306,1
"584","B",3.6167,1
"584","C",3.7702,1
"584","D",4.0251,1
"584","E",3.7185,1
"584","F",3.4935,1
"585","A",3.6736,1
"585","B",3.8631,1
"585","C",2.8962,1
"585","D",3.8142,1
"585","E",3.9491,1
"585","F",3.7077,1
"586","A",3.5056,1
"586","B",3.6578,1
"586","C",3.5648,1
"586","D",3.3512,1
"586","E",3.3827,1
"586","F",3.8718,1
"587","A",3.494,1
"587","B",3.5083,1
"587","C",3.5236,1
"587","D",3.2641,1
"587","E",3.8204,1
"587","F",3.444,1
"588","A",3.6516,1
"588","B",3.4601,1
"588","C",3.2359,1
"588","D",3.2281,1
"588","E",3.4024,1
"588","F",3.4753,1
"590","A",3.7421,1
"590","B",3.5728,1
"590","C",3.229,1
"590","D",3.6608,1
"590","E",3.8074,1
"590","F",3.6287,1
"591","A",3.1835,1
"591","B",3.0968,1
"591","C",3.1856,1
"591","D",2.9733,1
"591","E",2.8763,1
"591","F",3.6017,1
"592","A",3.2528,1
"592","B",3.5618,1
"592","C",3.5789,1
"592","D",3.1931,1
"592","E",3.0855,1
"592","F",3.2963,1
"593","A",3.4641,1
"593","B",3.6679,1
"593","C",3.8084,1
"593","D",3.5559,1
"593","E",3.7328,1
"593","F",3.4802,1
"594","A",3.3812,1
"594","B",3.2068,1
"594","C",3.3287,1
"594","D",3.5187,1
"594","E",3.5624,1
"594","F",3.6082,1
"595","A",3.181,1
"595","B",3.3077,1
"595","C",3.4731,1
"595","D",3.3874,1
"595","E",3.4687,1
"595","F",3.3098,1
"596","A",3.5362,1
"596","B",3.765,1
"596","C",3.7036,1
"596","D",3.4748,1
"596","E",3.5271,1
"596","F",3.5174,1
"599","A",3.6215,1
"599","B",3.4809,1
"599","C",4.035,1
"599","D",3.369,1
"599","E",4.1551,1
"599","F",3.3264,1
"601","A",3.4421,1
"601","B",3.5594,1
"601","C",3.055,1
"601","D",3.4344,1
"601","E",3.4556,1
"601","F",3.3522,1
"602","A",3.89,1
"602","B",3.7398,1
"602","C",3.5075,1
"602","D",4.0166,1
"602","E",3.3589,1
"602","F",3.842,1
"603","A",3.1991,1
"603","B",3.5,1
"603","C",3.1979,1
"603","D",3.1765,1
"603","E",3.2805,1
"603","F",2.9686,1
"604","A",3.7479,1
"604","B",3.4548,1
"604","C",3.4351,1
"604","D",3.5715,1
"604","E",3.1424,1
"604","F",3.4651,1
"605","A",3.5085,1
"605","B",3.3276,1
"605","C",3.1768,1
"605","D",4.0801,1
"605","E",3.3739,1
"605","F",3.686,1
"606","A",3.267,1
"606","B",3.6479,1
"606","C",3.2975,1
"606","D",3.4973,1
"606","E",3.2971,1
"606","F",3.3361,1
"607","A",3.8173,1
"607","B",3.1561,1
"607","C",3.8219,1
"607","D",3.3815,1
"607","E",3.6973,1
"607","F",3.4129,1
"608","A",3.0052,1
"608","B",3.3908,1
"608","C",3.2899,1
"608","D",3.0213,1
"608","E",3.703,1
"608","F",3.1053,1
"609","A",3.2457,1
"609","B",3.6905,1
"609","C",3.2565,1
"609","D",3.4281,1
"609","E",3.4142,1
"609","F",3.3348,1
"610","A",3.8182,1
"610","B",3.4874,1
"610","C",3.7775,1
"610","D",3.2655,1
"610","E",3.6807,1
"610","F",3.5439,1
"612","A",3.1697,1
"612","B",3.1739,1
"612","C",3.3023,1
"612","D",3.5747,1
"612","E",3.076,1
"612","F",3.3204,1
"614","A",3.251,1
"614","B",3.882,1
"614","C",3.5171,1
"614","D",3.6212,1
"614","E",3.3324,1
"614","F",3.2755,1
"615","A",3.352,1
"615","B",3.2482,1
"615","C",3.6971,1
"615","D",3.5697,1
"615","E",3.4801,1
"615","F",3.3553,1
"616","A",3.7169,1
"616","B",3.5185,1
"616","C",3.3568,1
"616","D",3.196,1
"616","E",3.2583,1
"616","F",3.2687,1
"617","A",3.3437,1
"617","B",3.3423,1
"617","C",3.3538,1
"617","D",3.168,1
"617","E",3.3295,1
"617","F",3.2245,1
"618","A",3.6863,1
"618","B",3.5354,1
"618","C",3.3502,1
"618","D",3.3095,1
"618","E",3.5403,1
"618","F",3.5496,1
"619","A",2.9961,1
"619","B",3.5009,1
"619","C",3.2256,1
"619","D",3.0972,1
"619","E",3.2458,1
"619","F",3.0863,1
"620","A",3.1973,1
"620","B",3.4083,1
"620","C",3.633,1
"620","D",3.2313,1
"620","E",3.1112,1
"620","F",3.485,1
"621","A",3.2443,1
"621","B",3.2777,1
"621","C",3.4148,1
"621","D",3.1618,1
"621","E",3.2645,1
"621","F",3.1953,1
"622","A",3.1584,1
"622","B",3.3789,1
"622","C",3.5421,1
"622","D",3.086,1
"622","E",3.0961,1
"622","F",3.1627,1
"157","A",2.763282,2
"157","B",2.693937,2
"157","C",2.721616,2
"157","D",3.162296,2
"157","E",2.830161,2
"157","F",2.973333,2
"158","A",2.963861,2
"158","B",2.872751,2
"158","C",2.884167,2
"158","D",3.163034,2
"158","E",2.992074,2
"158","F",3.118491,2
"159","A",3.064068,2
"159","B",2.91585,2
"159","C",3.193526,2
"159","D",3.163532,2
"159","E",3.09451,2
"159","F",3.398877,2
"160","A",2.656161,2
"160","B",3.246103,2
"160","C",3.000685,2
"160","D",3.191373,2
"160","E",3.156948,2
"160","F",3.167807,2
"161","A",3.060949,2
"161","B",3.062312,2
"161","C",2.76188,2
"161","D",2.7046,2
"161","E",2.742409,2
"161","F",3.245715,2
"164","A",3.121641,2
"164","B",3.164929,2
"164","C",3.58821,2
"164","D",3.039964,2
"164","E",3.188982,2
"164","F",2.862715,2
"165","A",3.072681,2
"165","B",3.848797,2
"165","C",3.270242,2
"165","D",3.417195,2
"165","E",3.590432,2
"165","F",3.143703,2
"167","A",3.164437,2
"167","B",2.950002,2
"167","C",2.961104,2
"167","D",3.088223,2
"167","E",2.887217,2
"167","F",3.117848,2
"168","A",3.054264,2
"168","B",3.355324,2
"168","C",3.19728,2
"168","D",3.266257,2
"168","E",3.098653,2
"168","F",3.582787,2
"169","A",3.025996,2
"169","B",3.438597,2
"169","C",3.090531,2
"169","D",2.871457,2
"169","E",3.15465,2
"169","F",3.287858,2
"170","A",3.276711,2
"170","C",3.006535,2
"170","D",3.281162,2
"170","E",3.119834,2
"170","F",3.391626,2
"171","A",3.153861,2
"171","B",3.267025,2
"171","C",3.02096,2
"171","D",3.075194,2
"171","E",3.124647,2
"171","F",2.962202,2
"172","A",3.214186,2
"172","B",3.175647,2
"172","C",2.978558,2
"172","D",2.951991,2
"172","E",3.39376,2
"172","F",3.191408,2
"173","A",3.425785,2
"173","B",3.261943,2
"173","C",3.342268,2
"173","D",3.275252,2
"173","E",3.671279,2
"173","F",3.246348,2
"174","A",3.344069,2
"174","B",3.240794,2
"174","C",3.203639,2
"174","D",3.231007,2
"174","E",3.45176,2
"174","F",3.086714,2
"175","A",3.171839,2
"175","B",2.886914,2
"175","C",2.820285,2
"175","D",3.048496,2
"175","E",3.021272,2
"175","F",3.208458,2
"176","A",3.279111,2
"176","B",3.171381,2
"176","C",3.11652,2
"176","D",3.167602,2
"176","E",3.17572,2
"176","F",3.248675,2
"177","A",3.122096,2
"177","B",3.152307,2
"177","C",2.8903,2
"177","D",2.715572,2
"177","E",2.92111,2
"177","F",3.21962,2
"178","A",2.791528,2
"178","B",3.03515,2
"178","C",2.951761,2
"178","D",3.09493,2
"178","E",2.742733,2
"178","F",2.90158,2
"179","A",2.77036,2
"179","B",2.666613,2
"179","C",3.051873,2
"179","D",2.816014,2
"179","E",2.99024,2
"179","F",2.781608,2
"180","A",3.305803,2
"180","C",3.637583,2
"180","D",3.535119,2
"180","E",2.573971,2
"180","F",3.085339,2
"183","A",3.402244,2
"183","B",3.208016,2
"183","C",2.899922,2
"183","D",2.922598,2
"183","E",2.885881,2
"183","F",2.947874,2
"184","A",2.9207,2
"184","B",3.018918,2
"184","C",2.923501,2
"184","D",3.044596,2
"184","E",2.827912,2
"184","F",2.964837,2
"185","A",3.294983,2
"185","B",2.747717,2
"185","C",3.48266,2
"185","D",2.827021,2
"185","E",2.816019,2
"185","F",2.905788,2
"186","A",3.079776,2
"186","B",3.413196,2
"186","C",2.627343,2
"186","D",2.157491,2
"186","E",3.077217,2
"186","F",2.758835,2
"187","A",2.87085,2
"187","B",2.852896,2
"187","C",3.110482,2
"187","D",2.8778,2
"187","E",2.772532,2
"187","F",2.751518,2
"188","A",3.048095,2
"188","B",3.150652,2
"188","C",3.053708,2
"188","D",3.231128,2
"188","E",3.338736,2
"188","F",3.118328,2
"189","A",2.779895,2
"189","B",3.412333,2
"189","C",2.944102,2
"189","D",3.591281,2
"189","E",2.940862,2
"189","F",2.948632,2
"191","A",3.397955,2
"191","B",3.144582,2
"191","C",2.906061,2
"191","D",3.221041,2
"191","E",3.078035,2
"191","F",2.941438,2
"192","A",3.709897,2
"192","B",3.72993,2
"192","C",3.271383,2
"192","D",3.266905,2
"192","E",3.097544,2
"192","F",3.547442,2
"193","A",3.773336,2
"193","B",3.713373,2
"193","C",3.449697,2
"193","D",3.300401,2
"193","E",3.305513,2
"193","F",3.552919,2
"194","A",3.320238,2
"194","B",2.818918,2
"194","C",3.090644,2
"194","D",2.904239,2
"194","E",3.020791,2
"194","F",2.770931,2
"195","A",3.024953,2
"195","B",2.982989,2
"195","D",3.055557,2
"195","E",2.974671,2
"195","F",2.913609,2
"196","A",3.183859,2
"196","B",3.055136,2
"196","C",3.15684,2
"196","D",3.311408,2
"196","E",3.214892,2
"196","F",2.8711,2
"197","A",3.107979,2
"197","B",3.129782,2
"197","C",2.99091,2
"197","D",3.252023,2
"197","E",3.275777,2
"197","F",3.101681,2
"198","A",2.967234,2
"198","B",3.289021,2
"198","C",3.101448,2
"198","D",3.144235,2
"198","E",3.015476,2
"198","F",3.484393,2
"199","A",3.191118,2
"199","B",3.096279,2
"199","C",3.562938,2
"199","D",2.992565,2
"199","E",3.191841,2
"199","F",3.367247,2
"200","A",3.103461,2
"200","B",2.852577,2
"200","C",3.1121,2
"200","D",2.882295,2
"200","E",3.291003,2
"200","F",3.144615,2
"201","A",3.261884,2
"201","B",3.295168,2
"201","C",3.452972,2
"201","D",3.316971,2
"201","E",3.313437,2
"201","F",3.245465,2
"202","A",2.733074,2
"202","B",2.743351,2
"202","C",2.668055,2
"202","D",2.860315,2
"202","E",2.630339,2
"202","F",2.688287,2
"203","A",2.965212,2
"203","B",3.265801,2
"203","C",2.960633,2
"203","D",2.991967,2
"203","E",2.235216,2
"203","F",2.752133,2
"204","A",2.867951,2
"204","B",2.739066,2
"204","C",3.042185,2
"204","D",2.858747,2
"204","E",3.034101,2
"204","F",2.939084,2
"206","A",3.018368,2
"206","B",2.826511,2
"206","C",3.074133,2
"206","D",2.757529,2
"206","E",2.776241,2
"206","F",2.766142,2
"209","A",2.552952,2
"209","B",2.747522,2
"209","C",2.60777,2
"209","D",2.992168,2
"209","E",2.822055,2
"209","F",2.573922,2
"210","A",2.865907,2
"210","B",2.808036,2
"210","C",3.012199,2
"210","D",2.909616,2
"210","E",2.861193,2
"210","F",3.017883,2
"211","A",3.478965,2
"211","B",3.13986,2
"211","C",2.983975,2
"211","D",3.225594,2
"211","E",3.02606,2
"211","F",3.642554,2
"212","A",2.984558,2
"212","B",2.948097,2
"212","C",3.398313,2
"212","D",2.738369,2
"212","E",2.948267,2
"212","F",2.825018,2
"213","A",2.808622,2
"213","B",2.795033,2
"213","C",2.947444,2
"213","D",2.766361,2
"213","E",2.800187,2
"213","F",2.861426,2
"214","A",2.942996,2
"214","B",2.820714,2
"214","C",2.90763,2
"214","D",2.602093,2
"214","E",2.867567,2
"214","F",2.677557,2
"215","A",2.862427,2
"215","B",2.608152,2
"215","C",2.500435,2
"215","D",2.69635,2
"215","E",2.763906,2
"215","F",2.650554,2
"216","A",2.981451,2
"216","B",2.807418,2
"216","C",3.038091,2
"216","D",2.914897,2
"216","E",3.080043,2
"216","F",2.816209,2
"217","A",3.015215,2
"217","B",2.890554,2
"217","C",2.8148,2
"217","D",2.773232,2
"217","E",2.933892,2
"217","F",3.000059,2
"218","A",2.764631,2
"218","B",2.866277,2
"218","C",2.415394,2
"218","D",3.063557,2
"218","E",2.404069,2
"218","F",2.943124,2
"219","A",2.767172,2
"219","B",3.086293,2
"219","C",3.005394,2
"219","D",2.974397,2
"219","E",2.988409,2
"219","F",2.863484,2
"220","A",2.819426,2
"220","B",2.766927,2
"220","C",3.252312,2
"220","D",2.898705,2
"220","E",3.03206,2
"220","F",3.247371,2
"221","A",2.906994,2
"221","B",3.095905,2
"221","C",3.412411,2
"221","D",2.765255,2
"221","E",3.199896,2
"221","F",2.50241,2
"222","A",2.749207,2
"222","B",2.766874,2
"222","C",3.221785,2
"222","D",2.633092,2
"222","E",2.603846,2
"222","F",2.990634,2
"223","A",3.131418,2
"223","B",2.957325,2
"223","C",2.936589,2
"223","D",2.804451,2
"223","E",2.801285,2
"223","F",2.855724,2
"224","A",2.74509,2
"224","B",2.924185,2
"224","C",2.947517,2
"224","D",2.979093,2
"224","E",2.933926,2
"224","F",2.964072,2
"225","A",2.856035,2
"225","B",3.072411,2
"225","C",2.857263,2
"225","D",2.969751,2
"225","E",2.797246,2
"225","F",2.831215,2
"226","A",2.98311,2
"226","B",2.987453,2
"226","C",2.963976,2
"226","D",3.106443,2
"226","E",2.916556,2
"226","F",2.928703,2
"227","A",2.956121,2
"227","B",2.795545,2
"227","C",2.816291,2
"227","D",3.033434,2
"227","E",2.848164,2
"227","F",2.687285,2
"228","A",3.608289,2
"228","C",3.115937,2
"228","D",2.75982,2
"228","E",3.087749,2
"228","F",2.931482,2
"229","A",2.761943,2
"229","B",2.727732,2
"229","C",2.711265,2
"229","D",2.839417,2
"229","E",3.169582,2
"229","F",2.948318,2
"230","A",2.744339,2
"230","B",2.86144,2
"230","C",2.64221,2
"230","D",2.966697,2
"230","E",3.044909,2
"230","F",3.018117,2
"231","A",2.726062,2
"231","B",2.790483,2
"231","C",2.888825,2
"231","D",2.842689,2
"231","E",3.452259,2
"231","F",2.771555,2
"232","A",3.598822,2
"232","B",2.724764,2
"232","C",3.140924,2
"232","D",2.824013,2
"232","E",3.099786,2
"232","F",2.615161,2
"469","A",2.977054,2
"469","B",2.974615,2
"469","C",3.268629,2
"469","D",3.006089,2
"469","E",2.785013,2
"469","F",2.940074,2
"470","A",3.151519,2
"470","B",3.545146,2
"470","C",3.285212,2
"470","D",3.735007,2
"470","E",3.322452,2
"470","F",3.745328,2
"471","A",3.072519,2
"471","B",3.126327,2
"471","C",3.15708,2
"471","D",3.194944,2
"471","E",3.255506,2
"471","F",2.943708,2
"472","A",2.985414,2
"472","B",3.447722,2
"472","C",3.359335,2
"472","D",3.398245,2
"472","E",3.049513,2
"472","F",3.267474,2
"473","A",3.612181,2
"473","B",3.672711,2
"473","C",3.219783,2
"473","D",3.599539,2
"473","E",3.678748,2
"473","F",3.541244,2
"474","A",3.017489,2
"474","B",2.972041,2
"474","C",2.893913,2
"474","D",2.891705,2
"474","E",3.10176,2
"474","F",2.895336,2
"475","A",2.933447,2
"475","B",3.091738,2
"475","C",3.203787,2
"475","D",3.075695,2
"475","E",3.358927,2
"475","F",3.025356,2
"476","A",2.8917,2
"476","B",3.380293,2
"476","C",2.90093,2
"476","D",3.158421,2
"476","E",3.585144,2
"476","F",3.022073,2
"477","A",3.30603,2
"477","B",3.301013,2
"477","C",2.944451,2
"477","D",2.892107,2
"477","E",3.161525,2
"477","F",2.852281,2
"478","A",3.291413,2
"478","B",3.091457,2
"478","C",3.359143,2
"478","D",3.150953,2
"478","E",3.411311,2
"478","F",3.099711,2
"479","A",3.333619,2
"479","B",3.646171,2
"479","C",3.312866,2
"479","D",3.471268,2
"479","E",3.077727,2
"479","F",3.506566,2
"480","A",3.508386,2
"480","B",3.344484,2
"480","C",3.12102,2
"480","D",3.092851,2
"480","E",2.78142,2
"480","F",2.922302,2
"481","A",2.970914,2
"481","B",3.195866,2
"481","C",2.625241,2
"481","D",3.390932,2
"481","E",3.150177,2
"481","F",3.203557,2
"482","A",3.073757,2
"482","B",3.313481,2
"482","C",3.192441,2
"482","D",3.441751,2
"482","E",3.091839,2
"482","F",3.519278,2
"483","A",3.203521,2
"483","B",3.361943,2
"483","C",3.234859,2
"483","D",3.37866,2
"483","E",3.321274,2
"483","F",3.282188,2
"484","A",3.334132,2
"484","B",3.034375,2
"484","C",2.938321,2
"484","D",3.583215,2
"484","E",3.541673,2
"484","F",3.362222,2
"485","A",3.275006,2
"485","B",3.65656,2
"485","C",3.3724,2
"485","D",3.630584,2
"485","E",3.221266,2
"485","F",3.256394,2
"486","A",2.91934,2
"486","B",3.24941,2
"486","C",3.120312,2
"486","D",3.103467,2
"486","E",2.797825,2
"486","F",2.858969,2
"487","A",3.219026,2
"487","B",3.048883,2
"487","C",3.120237,2
"487","D",2.023685,2
"487","E",3.119134,2
"487","F",2.930029,2
"489","A",2.929662,2
"489","B",3.145762,2
"489","C",3.073573,2
"489","D",3.390923,2
"489","E",3.112637,2
"489","F",4.179906,2
"490","A",3.274302,2
"490","B",3.452452,2
"490","D",3.364599,2
"490","E",3.326079,2
"490","F",3.234089,2
"491","A",3.424045,2
"491","B",3.20977,2
"491","C",3.224873,2
"491","D",3.116168,2
"491","E",3.469565,2
"491","F",3.149299,2
"492","A",3.127919,2
"492","B",3.009833,2
"492","C",3.028291,2
"492","D",3.470014,2
"492","E",2.823664,2
"492","F",3.042163,2
"495","A",3.017143,2
"495","B",3.259124,2
"495","C",3.286512,2
"495","D",3.220158,2
"495","E",2.91887,2
"495","F",3.114751,2
"496","A",3.347024,2
"496","B",3.445016,2
"496","C",3.413565,2
"496","D",3.283646,2
"496","E",3.14837,2
"496","F",3.146462,2
"497","A",3.069253,2
"497","B",2.843107,2
"497","C",3.330516,2
"497","D",2.79185,2
"497","E",3.32527,2
"497","F",3.045838,2
"498","A",2.937608,2
"498","B",3.090048,2
"498","C",3.324942,2
"498","D",2.99909,2
"498","E",3.381029,2
"498","F",2.686107,2
"499","A",2.965478,2
"499","B",3.150054,2
"499","C",3.092764,2
"499","D",3.266065,2
"499","E",3.007731,2
"499","F",3.441551,2
"500","A",3.155932,2
"500","B",3.254276,2
"500","C",3.343259,2
"500","E",3.128664,2
"500","F",3.295656,2
"501","A",3.394542,2
"501","B",3.046487,2
"501","C",3.164906,2
"501","D",3.182101,2
"501","E",3.345021,2
"501","F",3.413973,2
"502","A",3.669458,2
"502","B",3.214896,2
"502","C",3.271152,2
"502","D",3.34275,2
"502","E",3.402532,2
"502","F",3.267999,2
"503","A",3.472629,2
"503","B",3.465575,2
"503","C",3.21814,2
"503","D",3.3462,2
"503","E",3.222253,2
"503","F",3.017557,2
"504","A",3.274741,2
"504","B",3.211295,2
"504","C",3.603215,2
"504","D",3.185475,2
"504","E",3.154243,2
"504","F",3.080371,2
"507","A",3.519729,2
"507","B",3.480179,2
"507","C",3.658763,2
"507","D",2.983314,2
"507","E",3.723892,2
"507","F",2.902503,2
"508","A",2.771533,2
"508","B",3.502898,2
"508","C",3.086571,2
"508","D",3.239349,2
"508","E",2.88391,2
"508","F",3.295007,2
"510","A",3.122502,2
"510","B",3.049081,2
"510","C",3.334361,2
"510","D",3.097342,2
"510","E",3.303208,2
"510","F",3.2062,2
"511","A",3.163832,2
"511","B",3.051979,2
"511","C",3.109452,2
"511","D",3.062328,2
"511","E",3.091336,2
"511","F",3.349091,2
"512","A",3.243645,2
"512","B",3.116077,2
"512","C",2.899796,2
"512","D",3.092949,2
"512","E",2.966043,2
"512","F",3.212894,2
"513","A",3.32822,2
"513","B",3.445969,2
"513","C",3.267778,2
"513","D",3.006417,2
"513","E",2.998475,2
"513","F",2.758796,2
"514","A",3.203138,2
"514","B",3.135417,2
"514","C",3.427692,2
"514","D",3.538762,2
"514","E",3.043211,2
"514","F",3.063647,2
"515","A",3.594971,2
"515","B",3.017954,2
"515","C",3.583528,2
"515","D",2.920811,2
"515","E",3.597112,2
"515","F",3.010318,2
"516","A",2.898449,2
"516","B",3.25449,2
"516","C",2.947636,2
"516","D",2.824628,2
"516","E",2.793698,2
"516","F",2.856225,2
"517","A",2.803518,2
"517","B",2.801648,2
"517","C",3.358695,2
"517","D",3.284977,2
"517","E",2.91568,2
"517","F",2.980169,2
"518","A",3.304466,2
"518","B",3.00497,2
"518","C",3.118108,2
"518","D",3.262651,2
"518","E",3.432091,2
"518","F",3.326855,2
"521","A",3.479885,2
"521","B",3.233981,2
"521","C",3.322623,2
"521","D",2.987938,2
"521","E",3.532422,2
"521","F",2.960469,2
"522","A",3.247522,2
"522","B",2.213656,2
"522","C",3.2024,2
"522","D",2.965323,2
"522","E",3.12965,2
"522","F",3.193924,2
"523","A",3.068109,2
"523","B",3.141813,2
"523","C",3.148433,2
"523","D",3.018928,2
"523","E",3.066504,2
"523","F",3.017145,2
"524","A",3.703426,2
"524","B",3.60187,2
"524","C",3.410243,2
"524","D",3.064039,2
"524","E",3.020425,2
"524","F",3.083015,2
"525","A",3.294965,2
"525","B",3.469174,2
"525","C",3.320518,2
"525","D",3.258232,2
"525","E",3.127196,2
"525","F",2.905739,2
"526","A",3.222066,2
"526","B",3.111614,2
"526","C",3.220764,2
"526","D",3.069863,2
"526","E",3.16707,2
"526","F",3.225203,2
"527","A",3.195977,2
"527","B",3.187143,2
"527","C",3.358798,2
"527","D",3.527023,2
"527","E",3.308009,2
"527","F",3.33897,2
"528","A",2.83248,2
"528","B",3.267391,2
"528","C",2.959925,2
"528","D",3.446801,2
"528","E",3.52169,2
"528","F",3.509556,2
"529","A",3.387405,2
"529","B",3.182321,2
"529","C",3.60176,2
"529","D",3.356223,2
"529","E",3.452283,2
"529","F",2.891831,2
"530","A",3.329249,2
"530","B",3.524301,2
"530","C",3.281136,2
"530","D",3.587811,2
"530","E",2.968464,2
"530","F",3.708103,2
"531","A",3.440727,2
"531","B",3.679849,2
"531","C",3.451174,2
"531","D",3.362563,2
"531","E",3.503091,2
"531","F",3.193242,2
"532","A",3.640095,2
"532","B",3.217116,2
"532","C",3.630478,2
"532","D",3.732423,2
"532","E",3.378855,2
"532","F",3.659694,2
"533","A",2.951719,2
"533","B",3.19766,2
"533","C",3.784068,2
"533","D",2.987572,2
"533","E",2.864683,2
"533","F",2.992244,2
"534","A",3.312152,2
"534","B",3.664544,2
"534","C",3.392485,2
"534","D",3.715155,2
"534","E",3.307066,2
"534","F",3.65538,2
"535","A",3.0588,2
"535","B",3.187953,2
"535","C",3.127687,2
"535","D",3.342088,2
"535","E",3.157604,2
"535","F",3.242369,2
"536","A",3.443711,2
"536","B",3.442573,2
"536","C",3.398459,2
"536","D",3.791828,2
"536","E",3.626861,2
"536","F",3.536405,2
"537","B",3.237868,2
"537","C",2.984555,2
"537","D",2.814551,2
"537","E",2.777043,2
"537","F",2.947547,2
"538","A",3.657034,2
"538","B",3.277326,2
"538","C",3.838359,2
"538","D",3.336612,2
"538","E",3.711321,2
"538","F",3.239372,2
"539","A",3.338916,2
"539","B",3.865457,2
"539","C",3.290154,2
"539","D",3.583106,2
"539","E",3.508965,2
"540","A",3.546985,2
"540","B",3.356748,2
"540","C",3.07276,2
"540","D",3.520319,2
"540","E",3.264387,2
"540","F",3.190481,2
"541","A",3.61811,2
"541","B",3.506974,2
"541","C",3.111662,2
"541","D",3.477377,2
"541","E",3.558474,2
"541","F",3.070159,2
"542","A",3.770104,2
"542","B",3.432477,2
"542","C",3.239672,2
"542","D",3.164504,2
"542","E",3.106557,2
"542","F",3.136562,2
"543","A",3.110329,2
"543","B",3.3837,2
"543","C",3.221203,2
"543","D",2.957407,2
"543","E",2.994319,2
"543","F",3.082319,2
"544","A",3.06144,2
"544","B",3.205897,2
"544","C",3.182349,2
"544","D",3.012084,2
"544","E",3.243586,2
"544","F",3.206318,2
"79","A",2.829834,3
"79","B",2.99588,3
"79","C",3.004841,3
"79","D",2.828898,3
"79","E",2.724169,3
"79","F",2.886488,3
"80","A",2.549543,3
"80","B",2.671678,3
"80","C",2.533607,3
"80","D",2.788232,3
"80","E",2.564723,3
"80","F",2.521591,3
"81","A",2.970238,3
"81","B",2.853845,3
"81","C",2.841155,3
"81","D",2.925009,3
"81","E",2.581564,3
"81","F",3.177608,3
"82","A",2.974892,3
"82","B",2.887083,3
"82","C",2.861797,3
"82","D",2.881712,3
"82","E",2.442002,3
"82","F",2.685709,3
"84","A",2.646919,3
"84","B",3.096375,3
"84","C",2.572445,3
"84","D",2.968912,3
"84","E",2.656575,3
"84","F",3.068582,3
"85","A",2.77066,3
"85","B",2.700795,3
"85","C",2.876077,3
"85","D",2.765675,3
"85","E",2.715478,3
"85","F",2.511251,3
"86","A",2.615718,3
"86","B",2.760591,3
"86","C",2.650326,3
"86","D",2.598726,3
"86","E",2.489933,3
"86","F",2.757751,3
"88","A",2.757642,3
"88","B",2.735058,3
"88","C",2.857299,3
"88","D",2.569532,3
"88","E",2.608521,3
"88","F",2.819047,3
"89","A",2.849795,3
"89","B",2.929723,3
"89","C",2.89996,3
"89","D",2.789166,3
"89","E",2.510689,3
"89","F",2.644356,3
"90","A",2.72893,3
"90","B",2.788138,3
"90","C",2.481719,3
"90","D",2.768904,3
"90","E",2.441903,3
"90","F",2.775147,3
"91","A",2.657592,3
"91","B",2.723677,3
"91","C",2.664449,3
"91","D",2.671244,3
"91","E",2.505036,3
"91","F",2.547924,3
"92","A",2.862439,3
"92","B",2.287174,3
"92","C",2.838815,3
"92","D",2.797591,3
"92","E",2.941967,3
"92","F",2.604815,3
"93","A",2.746878,3
"93","B",2.756816,3
"93","C",2.80653,3
"93","D",2.638462,3
"93","E",2.610877,3
"93","F",2.552498,3
"94","A",2.87109,3
"94","B",2.89937,3
"94","C",2.899861,3
"94","D",2.864187,3
"94","E",2.828587,3
"94","F",2.917181,3
"96","A",2.542333,3
"96","B",2.736798,3
"96","C",2.723125,3
"96","D",2.570201,3
"96","E",2.383151,3
"96","F",2.623436,3
"100","A",2.625431,3
"100","B",2.667445,3
"100","C",2.776147,3
"100","D",2.755473,3
"100","E",2.458976,3
"100","F",2.760131,3
"101","A",2.995642,3
"101","B",2.768051,3
"101","C",2.812763,3
"101","D",2.860325,3
"101","E",2.813695,3
"101","F",3.277504,3
"105","A",2.627176,3
"105","B",2.39963,3
"105","C",2.555242,3
"105","D",2.382945,3
"105","E",2.66164,3
"105","F",2.717563,3
"106","A",3.117132,3
"106","B",2.65195,3
"106","C",2.577777,3
"106","D",3.097175,3
"106","E",2.702664,3
"106","F",2.659795,3
"107","A",3.070381,3
"107","B",2.787009,3
"107","C",2.379314,3
"107","D",2.593742,3
"107","E",2.564371,3
"107","F",2.701739,3
"109","A",3.130176,3
"109","B",2.863386,3
"109","C",2.513869,3
"109","D",2.943018,3
"109","E",2.531267,3
"109","F",2.930906,3
"111","A",2.727274,3
"111","B",2.814737,3
"111","C",2.79596,3
"111","D",2.65014,3
"111","E",2.784425,3
"111","F",3.05593,3
"112","A",2.564377,3
"112","B",2.906774,3
"112","C",3.010828,3
"112","D",2.7479,3
"112","E",3.061447,3
"112","F",3.096557,3
"113","A",2.881329,3
"113","B",3.262806,3
"113","C",2.705315,3
"113","D",2.722813,3
"113","E",2.646099,3
"113","F",3.06291,3
"114","A",2.62869,3
"114","B",2.769504,3
"114","C",2.913851,3
"114","D",3.114347,3
"114","E",2.979977,3
"114","F",2.940863,3
"116","A",3.012542,3
"116","B",2.893065,3
"116","C",2.915294,3
"116","D",2.861742,3
"116","E",2.658799,3
"116","F",2.846845,3
"118","A",3.067428,3
"118","B",3.013728,3
"118","C",3.181232,3
"118","D",2.7902,3
"118","E",2.947342,3
"118","F",2.991853,3
"119","A",2.950836,3
"119","B",2.683825,3
"119","C",2.746726,3
"119","D",3.435402,3
"119","E",3.039933,3
"119","F",3.153793,3
"120","A",2.909668,3
"120","B",2.773444,3
"120","C",2.843835,3
"120","D",2.724099,3
"120","E",2.900923,3
"120","F",2.958455,3
"121","A",3.012059,3
"121","B",2.885971,3
"121","C",2.987131,3
"121","D",2.861599,3
"121","E",2.964404,3
"121","F",3.023681,3
"122","A",2.936158,3
"122","B",3.138953,3
"122","C",2.749,3
"122","D",3.088849,3
"122","E",2.773912,3
"122","F",3.082884,3
"123","A",2.759362,3
"123","B",2.909405,3
"123","C",2.955354,3
"123","D",2.875138,3
"123","E",2.915279,3
"123","F",3.209083,3
"124","A",2.959531,3
"124","B",2.985228,3
"124","C",2.934201,3
"124","D",2.95882,3
"124","E",2.954252,3
"124","F",3.013695,3
"125","A",2.982645,3
"125","B",2.859311,3
"125","C",3.018759,3
"125","D",2.75584,3
"125","E",2.966527,3
"125","F",2.667653,3
"126","A",2.600019,3
"126","B",2.947389,3
"126","C",2.504474,3
"126","D",3.011083,3
"126","E",2.635919,3
"126","F",2.592548,3
"127","A",2.449357,3
"127","B",2.86545,3
"127","C",2.773569,3
"127","D",2.601246,3
"127","E",2.737293,3
"127","F",2.375859,3
"128","A",2.817574,3
"128","B",2.642363,3
"128","C",2.625299,3
"128","D",2.619443,3
"128","E",2.499055,3
"128","F",2.847091,3
"131","A",2.893985,3
"131","B",2.724427,3
"131","C",2.575852,3
"131","D",2.773595,3
"131","E",2.587208,3
"131","F",2.609916,3
"132","A",2.922731,3
"132","B",2.57451,3
"132","C",2.765445,3
"132","D",2.516063,3
"132","E",2.79766,3
"132","F",2.776378,3
"133","A",2.835525,3
"133","B",2.416346,3
"133","C",2.948467,3
"133","D",2.863926,3
"133","E",2.618351,3
"133","F",2.328436,3
"135","A",2.511267,3
"135","B",3.021861,3
"135","C",2.861075,3
"135","D",3.114923,3
"135","E",3.20858,3
"135","F",2.715343,3
"136","A",2.988103,3
"136","B",2.653038,3
"136","C",2.769762,3
"136","D",2.749663,3
"136","E",2.839534,3
"136","F",2.702289,3
"137","A",2.864044,3
"137","B",2.890398,3
"137","C",2.876414,3
"137","D",3.032973,3
"137","E",2.679553,3
"137","F",2.993721,3
"138","A",2.966112,3
"138","B",2.915856,3
"138","C",2.846968,3
"138","D",2.96686,3
"138","E",2.961662,3
"138","F",2.80147,3
"139","A",3.010541,3
"139","B",3.141413,3
"139","C",2.88512,3
"139","D",2.797451,3
"139","E",3.033291,3
"139","F",2.858703,3
"140","A",2.587496,3
"140","B",2.891133,3
"140","C",2.821388,3
"140","D",2.842131,3
"140","E",2.919394,3
"140","F",3.098363,3
"143","A",2.604051,3
"143","B",2.889658,3
"143","C",2.742948,3
"143","D",2.872692,3
"143","E",2.815098,3
"143","F",3.146214,3
"144","A",2.960332,3
"144","B",2.945779,3
"144","C",2.638229,3
"144","D",2.903874,3
"144","E",2.699229,3
"144","F",3.007995,3
"146","A",2.953223,3
"146","B",2.923206,3
"146","C",3.302665,3
"146","D",3.124922,3
"146","E",2.974816,3
"146","F",3.09804,3
"147","A",2.785279,3
"147","B",2.983993,3
"147","C",2.94292,3
"147","D",2.651542,3
"147","E",2.728578,3
"147","F",2.778618,3
"148","A",2.859298,3
"148","B",3.228632,3
"148","C",3.130882,3
"148","D",3.123601,3
"148","E",2.987216,3
"148","F",3.187762,3
"149","A",2.51528,3
"149","B",2.478673,3
"149","C",2.350852,3
"149","D",2.72496,3
"149","E",2.670961,3
"149","F",2.622884,3
"150","A",2.798406,3
"150","B",3.059166,3
"150","C",2.970881,3
"150","D",2.761504,3
"150","E",3.155611,3
"150","F",3.12676,3
"151","A",2.94755,3
"151","B",2.508621,3
"151","C",2.38332,3
"151","D",2.729,3
"151","E",2.772068,3
"151","F",2.554442,3
"152","A",2.673669,3
"152","B",2.934575,3
"152","C",2.589134,3
"152","D",2.951996,3
"152","E",2.678029,3
"152","F",2.849247,3
"153","A",2.888754,3
"153","B",3.037169,3
"153","C",3.085878,3
"153","D",2.93527,3
"153","E",2.85887,3
"153","F",3.252904,3
"154","A",3.083788,3
"154","B",2.9325,3
"154","C",2.959102,3
"154","D",2.904521,3
"154","E",2.905083,3
"154","F",2.834485,3
"391","A",2.954294,3
"391","B",3.284133,3
"391","C",3.215215,3
"391","D",3.389879,3
"391","E",3.159683,3
"391","F",2.974361,3
"392","A",3.115472,3
"392","B",3.421925,3
"392","C",3.40548,3
"392","D",3.084565,3
"392","E",2.93817,3
"392","F",3.11809,3
"393","A",3.507854,3
"393","B",3.467716,3
"393","C",3.133574,3
"393","D",3.475571,3
"393","E",3.540541,3
"393","F",3.252649,3
"394","A",3.387613,3
"394","B",3.516897,3
"394","C",3.345881,3
"394","D",3.309025,3
"394","E",3.255492,3
"394","F",3.113911,3
"395","A",3.497447,3
"395","B",3.376058,3
"395","C",3.285257,3
"395","D",3.145079,3
"395","E",3.014215,3
"395","F",3.11849,3
"396","A",3.294653,3
"396","B",3.404197,3
"396","C",3.329066,3
"396","D",3.220266,3
"396","E",3.16233,3
"396","F",3.269834,3
"397","A",3.480456,3
"397","B",3.226173,3
"397","C",3.325398,3
"397","D",3.222124,3
"397","E",3.013648,3
"397","F",2.885058,3
"400","A",3.609347,3
"400","B",3.295735,3
"400","C",3.484827,3
"400","D",3.455479,3
"400","E",3.401063,3
"400","F",2.909644,3
"401","A",3.163201,3
"401","B",3.702523,3
"401","C",3.588657,3
"401","D",3.082429,3
"401","E",2.968901,3
"401","F",3.477617,3
"402","A",3.672549,3
"402","B",3.791276,3
"402","C",3.421304,3
"402","D",3.587653,3
"402","E",3.418067,3
"402","F",3.368449,3
"403","A",3.245695,3
"403","B",3.817001,3
"403","C",3.156027,3
"403","D",3.273979,3
"403","E",2.922027,3
"403","F",3.347975,3
"404","A",3.201944,3
"404","B",3.254861,3
"404","C",3.170547,3
"404","D",3.170188,3
"404","E",3.327679,3
"404","F",3.533107,3
"406","A",3.427727,3
"406","B",3.29022,3
"406","C",3.821391,3
"406","D",3.882413,3
"406","E",3.199092,3
"406","F",3.35793,3
"407","A",3.053518,3
"407","B",3.97946,3
"407","C",3.095368,3
"407","D",3.39316,3
"407","E",3.263151,3
"407","F",3.069265,3
"408","A",3.746745,3
"408","B",3.88614,3
"408","C",3.412206,3
"408","D",3.53304,3
"408","E",3.54857,3
"408","F",3.12438,3
"409","A",3.739051,3
"409","B",3.650451,3
"409","C",3.738142,3
"409","D",3.656073,3
"409","E",3.389513,3
"409","F",3.182608,3
"410","A",3.779917,3
"410","B",3.49273,3
"410","C",4.132516,3
"410","D",3.710176,3
"410","E",2.904876,3
"410","F",2.578752,3
"411","A",2.998076,3
"411","B",3.591286,3
"411","C",3.44287,3
"411","D",3.078098,3
"411","E",3.084303,3
"411","F",2.929328,3
"412","A",3.779327,3
"412","B",3.344136,3
"412","C",3.328478,3
"412","D",3.542327,3
"412","E",2.98544,3
"412","F",3.055425,3
"413","A",3.391834,3
"413","B",3.296211,3
"413","C",3.163021,3
"413","D",3.413012,3
"413","E",3.375765,3
"413","F",3.522963,3
"414","A",3.357544,3
"414","B",3.584967,3
"414","C",3.332995,3
"414","D",3.619471,3
"414","E",3.624242,3
"414","F",3.536461,3
"417","A",3.054463,3
"417","B",3.183486,3
"417","C",3.10904,3
"417","D",3.146897,3
"417","E",3.057436,3
"417","F",2.937647,3
"419","A",3.915088,3
"419","B",3.310867,3
"419","C",3.113069,3
"419","D",2.83764,3
"419","E",3.135687,3
"419","F",3.194307,3
"420","A",3.011359,3
"420","B",3.15017,3
"420","C",3.09168,3
"420","D",3.144995,3
"420","E",3.037249,3
"420","F",3.13982,3
"421","A",3.192006,3
"421","B",3.246117,3
"421","C",3.0387,3
"421","D",3.564499,3
"421","E",3.045991,3
"421","F",2.983112,3
"422","A",3.531988,3
"422","B",3.112523,3
"422","C",3.111732,3
"422","D",3.135264,3
"422","E",2.943421,3
"422","F",2.91638,3
"423","A",2.982217,3
"423","B",2.819231,3
"423","C",3.136351,3
"423","D",2.658106,3
"423","E",2.757191,3
"423","F",2.779798,3
"424","A",3.388928,3
"424","B",3.200316,3
"424","C",3.242865,3
"424","D",3.527285,3
"424","E",3.171746,3
"424","F",3.20604,3
"425","A",3.394948,3
"425","B",3.179153,3
"425","C",3.259237,3
"425","D",3.077205,3
"425","E",2.942079,3
"425","F",3.200722,3
"426","A",3.251238,3
"426","B",2.698851,3
"426","C",3.242782,3
"426","D",3.030383,3
"426","E",3.12415,3
"426","F",3.552344,3
"427","A",3.250936,3
"427","B",3.313027,3
"427","C",3.197353,3
"427","D",2.934599,3
"427","E",3.140146,3
"427","F",3.318576,3
"428","A",3.220818,3
"428","B",3.122571,3
"428","C",3.063473,3
"428","D",3.443592,3
"428","E",3.494274,3
"428","F",3.114693,3
"429","A",3.410318,3
"429","B",3.445277,3
"429","C",3.429835,3
"429","D",3.567238,3
"429","E",3.368012,3
"429","F",3.495289,3
"430","A",3.06697,3
"430","B",3.179844,3
"430","C",3.083765,3
"430","D",3.377518,3
"430","E",2.898987,3
"430","F",3.345807,3
"431","A",2.936922,3
"431","B",3.011795,3
"431","C",3.122207,3
"431","D",3.177254,3
"431","E",2.915325,3
"431","F",3.075049,3
"432","A",3.06643,3
"432","B",2.852948,3
"432","C",3.402031,3
"432","D",3.300976,3
"432","E",3.322318,3
"432","F",3.307011,3
"433","A",3.018024,3
"433","B",3.166426,3
"433","C",3.254183,3
"433","D",3.42708,3
"433","E",3.297874,3
"433","F",3.320286,3
"434","A",3.808595,3
"434","B",3.64237,3
"434","C",3.375444,3
"434","D",3.623136,3
"434","E",3.60201,3
"434","F",3.83867,3
"435","A",3.050582,3
"435","B",3.137266,3
"435","C",2.862834,3
"435","D",2.851548,3
"435","E",3.075052,3
"435","F",3.542319,3
"436","A",4.118237,3
"436","B",3.261465,3
"436","C",3.48013,3
"436","D",3.99201,3
"436","E",3.140176,3
"436","F",3.535768,3
"437","A",2.994462,3
"437","B",3.258206,3
"437","C",3.496466,3
"437","D",3.13888,3
"437","E",3.162251,3
"437","F",3.006245,3
"438","A",3.168463,3
"438","B",3.474813,3
"438","C",3.27782,3
"438","D",3.324438,3
"438","E",2.986507,3
"438","F",3.303533,3
"440","A",2.906629,3
"440","B",3.125865,3
"440","C",3.333685,3
"440","D",3.155055,3
"440","E",2.956867,3
"440","F",3.592031,3
"443","A",3.053429,3
"443","B",3.029667,3
"443","C",3.052313,3
"443","D",2.901459,3
"443","E",3.374539,3
"443","F",3.121691,3
"444","A",3.27262,3
"444","B",3.236539,3
"444","C",3.245571,3
"444","D",3.185194,3
"444","E",3.448886,3
"444","F",3.056625,3
"445","A",3.050167,3
"445","B",3.221979,3
"445","C",2.965837,3
"445","D",3.055336,3
"445","E",3.101635,3
"445","F",2.930545,3
"446","A",2.91684,3
"446","B",2.872619,3
"446","C",2.781524,3
"446","D",3.429137,3
"446","E",3.323015,3
"446","F",3.10665,3
"447","A",3.599129,3
"447","B",3.424787,3
"447","C",3.396531,3
"447","D",3.379089,3
"447","E",3.283989,3
"447","F",3.113928,3
"448","A",3.35311,3
"448","B",3.422903,3
"448","C",3.117362,3
"448","D",3.501693,3
"448","E",3.319499,3
"448","F",3.148068,3
"449","A",3.457103,3
"449","B",3.515115,3
"449","C",3.379683,3
"449","D",3.414163,3
"449","E",3.092516,3
"449","F",3.131103,3
"450","A",3.716623,3
"450","B",3.753921,3
"450","C",3.635868,3
"450","D",3.438461,3
"450","E",3.173579,3
"450","F",3.071877,3
"451","A",3.264467,3
"451","B",3.343352,3
"451","C",3.477916,3
"451","D",3.314814,3
"451","E",3.202811,3
"451","F",3.355644,3
"452","A",2.925806,3
"452","B",3.521989,3
"452","C",3.153825,3
"452","D",3.458262,3
"452","E",3.026883,3
"452","F",3.878679,3
"453","A",3.657393,3
"453","B",3.538628,3
"453","C",3.308807,3
"453","D",3.201808,3
"453","E",3.58268,3
"453","F",3.017905,3
"454","A",3.251003,3
"454","B",3.511162,3
"454","C",3.402086,3
"454","D",3.334624,3
"454","E",3.445671,3
"454","F",3.18436,3
"455","A",3.336553,3
"455","B",3.274318,3
"455","C",3.364232,3
"455","D",3.753548,3
"455","E",3.575304,3
"455","F",3.258806,3
"457","A",3.198651,3
"457","B",3.744271,3
"457","C",3.346594,3
"457","D",3.550009,3
"457","E",3.19878,3
"457","F",3.400319,3
"458","A",3.577259,3
"458","B",3.552542,3
"458","C",3.860525,3
"458","D",3.715754,3
"458","E",3.886205,3
"458","F",3.437569,3
"459","A",3.634259,3
"459","B",3.470229,3
"459","C",3.234269,3
"459","D",4.461546,3
"459","E",3.458581,3
"459","F",3.200362,3
"460","A",2.70384,3
"460","B",3.646351,3
"460","C",3.011701,3
"460","D",3.311488,3
"460","E",3.16482,3
"460","F",3.246093,3
"462","A",3.20703,3
"462","B",3.236351,3
"462","C",3.243182,3
"462","D",3.366081,3
"462","E",3.541174,3
"462","F",3.191482,3
"464","A",3.594708,3
"464","B",3.271597,3
"464","C",2.848056,3
"464","D",3.1959,3
"464","E",2.951925,3
"464","F",2.915434,3
"465","A",3.342967,3
"465","B",3.30345,3
"465","C",3.222686,3
"465","D",2.891107,3
"465","E",3.404084,3
"465","F",3.064244,3
"466","A",3.005438,3
"466","B",3.189039,3
"466","C",3.166263,3
"466","D",3.499863,3
"466","E",3.410339,3
"466","F",3.48594,3
"1","A",3.379919,4
"1","B",3.069721,4
"1","C",2.988438,4
"1","D",2.871216,4
"1","E",2.939028,4
"1","F",2.783669,4
"2","A",2.683395,4
"2","B",2.861171,4
"2","C",2.698556,4
"2","D",3.16262,4
"2","E",2.68313,4
"2","F",2.884048,4
"4","A",2.772279,4
"4","B",3.093265,4
"4","C",2.939886,4
"4","D",2.945828,4
"4","E",2.958936,4
"4","F",3.196682,4
"5","A",2.751856,4
"5","B",2.954219,4
"5","C",2.530483,4
"5","D",2.94197,4
"5","E",3.103672,4
"5","F",3.096072,4
"7","A",3.430742,4
"7","B",3.381485,4
"7","C",3.27593,4
"7","D",3.154749,4
"7","E",3.201497,4
"7","F",3.176389,4
"8","A",3.048733,4
"8","B",2.949173,4
"8","C",3.199449,4
"8","D",3.344885,4
"8","E",3.22183,4
"8","F",2.96046,4
"9","A",3.522202,4
"9","B",3.009356,4
"9","C",3.157337,4
"9","D",3.11539,4
"9","E",2.902571,4
"9","F",3.087271,4
"10","A",3.547197,4
"10","B",3.433519,4
"10","C",3.468213,4
"10","D",3.346002,4
"10","E",2.929455,4
"10","F",3.049828,4
"12","A",3.61194,4
"12","B",2.870331,4
"12","C",2.949543,4
"12","D",3.09849,4
"12","E",2.967702,4
"12","F",3.139289,4
"14","A",2.943014,4
"14","B",3.152287,4
"14","C",2.939561,4
"14","D",3.248821,4
"14","E",2.875811,4
"14","F",3.292755,4
"16","A",2.801584,4
"16","B",3.09123,4
"16","C",2.815282,4
"16","D",2.918523,4
"16","E",3.048093,4
"16","F",3.035535,4
"17","A",2.779301,4
"17","B",2.824154,4
"17","C",2.993603,4
"17","D",2.766216,4
"17","E",3.017421,4
"17","F",2.903043,4
"18","A",2.872708,4
"18","B",3.243516,4
"18","C",2.874558,4
"18","D",3.087002,4
"18","E",3.260695,4
"18","F",2.996168,4
"19","A",2.844646,4
"19","B",3.073913,4
"19","C",2.853442,4
"19","D",3.036877,4
"19","E",3.438264,4
"19","F",2.624075,4
"20","A",3.730801,4
"20","B",2.759088,4
"20","C",3.116362,4
"20","D",2.92055,4
"20","E",2.917331,4
"20","F",2.713704,4
"24","A",2.838605,4
"24","B",2.751151,4
"24","C",2.577196,4
"24","D",2.803471,4
"24","E",2.964807,4
"24","F",2.920521,4
"28","A",2.973858,4
"28","B",2.783412,4
"28","C",3.086634,4
"28","D",3.030969,4
"28","E",2.963355,4
"28","F",2.909539,4
"29","A",2.790405,4
"29","B",2.696696,4
"29","C",2.738784,4
"29","D",2.563528,4
"29","E",2.612318,4
"29","F",2.862282,4
"30","A",3.168696,4
"30","B",3.100972,4
"30","C",3.124458,4
"30","D",3.108554,4
"30","E",2.971712,4
"30","F",2.729764,4
"31","A",2.896681,4
"31","B",3.107419,4
"31","C",3.064337,4
"31","D",3.08661,4
"31","E",2.693316,4
"31","F",2.861295,4
"32","A",3.132803,4
"32","B",3.252299,4
"32","C",2.61762,4
"32","D",2.854328,4
"32","E",3.118475,4
"32","F",3.004539,4
"33","A",3.176424,4
"33","B",3.0624,4
"33","C",2.984019,4
"33","D",3.147033,4
"33","E",3.192791,4
"33","F",3.090796,4
"34","A",2.977708,4
"34","B",2.951427,4
"34","C",3.173802,4
"34","D",3.215604,4
"34","E",3.087796,4
"34","F",3.08908,4
"35","A",2.999186,4
"35","B",3.422288,4
"35","C",2.834761,4
"35","D",3.187432,4
"35","E",2.860199,4
"35","F",3.481033,4
"37","A",2.861032,4
"37","B",3.291965,4
"37","C",3.504035,4
"37","D",2.991198,4
"37","E",3.417736,4
"37","F",2.84077,4
"38","A",3.055803,4
"38","B",3.350306,4
"38","C",3.179148,4
"38","D",3.476558,4
"38","E",3.176692,4
"38","F",3.550828,4
"39","A",3.518391,4
"39","B",3.090874,4
"39","C",3.147314,4
"39","D",3.414689,4
"39","E",3.090455,4
"39","F",3.10005,4
"40","A",3.238386,4
"40","B",3.112637,4
"40","C",3.054203,4
"40","D",3.209109,4
"40","E",3.018845,4
"40","F",3.145311,4
"41","A",3.076587,4
"41","B",2.929828,4
"41","C",3.423246,4
"41","D",3.078649,4
"41","E",2.895111,4
"41","F",3.179272,4
"42","A",2.833158,4
"42","B",2.782436,4
"42","C",2.729908,4
"42","D",2.960021,4
"42","E",2.990841,4
"42","F",3.060331,4
"43","A",2.823187,4
"43","B",2.873193,4
"43","C",3.271181,4
"43","D",2.958344,4
"43","E",3.143704,4
"43","F",3.050712,4
"44","A",2.86779,4
"44","B",3.320904,4
"44","C",2.554873,4
"44","D",3.132044,4
"44","E",2.426148,4
"44","F",2.766329,4
"46","A",2.855764,4
"46","B",3.21719,4
"46","C",2.866912,4
"46","D",3.248286,4
"46","E",2.856973,4
"46","F",2.842456,4
"47","A",3.226486,4
"47","B",2.902364,4
"47","C",3.527674,4
"47","D",3.096853,4
"47","E",3.200464,4
"47","F",2.919607,4
"48","A",3.137897,4
"48","B",3.058107,4
"48","C",3.049411,4
"48","D",3.134369,4
"48","E",3.04888,4
"48","F",3.172766,4
"50","A",2.857277,4
"50","B",2.965979,4
"50","C",3.074937,4
"50","D",2.968099,4
"50","E",2.803547,4
"50","F",2.814287,4
"55","A",2.880593,4
"55","B",2.856849,4
"55","C",2.881196,4
"55","D",2.799339,4
"55","E",2.713612,4
"55","F",2.989393,4
"56","A",3.106759,4
"56","B",2.789393,4
"56","C",3.100727,4
"56","D",3.056326,4
"56","E",3.001542,4
"56","F",2.74247,4
"57","A",3.103559,4
"57","B",3.366376,4
"57","C",3.226883,4
"57","D",3.026775,4
"57","E",2.643615,4
"57","F",2.91061,4
"58","A",2.950081,4
"58","B",3.203206,4
"58","C",3.029922,4
"58","D",3.212757,4
"58","E",2.864882,4
"58","F",2.992934,4
"59","A",3.205419,4
"59","B",3.32755,4
"59","C",3.26948,4
"59","D",3.301116,4
"59","E",3.236579,4
"59","F",3.182827,4
"61","A",3.105678,4
"61","B",3.157512,4
"61","C",2.997106,4
"61","D",3.22827,4
"61","E",3.045375,4
"61","F",3.216884,4
"62","A",3.395517,4
"62","B",3.019892,4
"62","C",3.425534,4
"62","D",3.118873,4
"62","E",3.194145,4
"62","F",3.13216,4
"63","A",2.890378,4
"63","B",3.064517,4
"63","C",3.025009,4
"63","D",3.054364,4
"63","E",3.014961,4
"63","F",3.055262,4
"64","A",3.31742,4
"64","B",3.376922,4
"64","C",3.204064,4
"64","D",3.172101,4
"64","E",3.286931,4
"64","F",3.201279,4
"66","A",2.827496,4
"66","B",2.734735,4
"66","C",2.765446,4
"66","D",2.996543,4
"66","E",2.817676,4
"66","F",2.705199,4
"67","A",3.652379,4
"67","B",3.223151,4
"67","C",3.059618,4
"67","D",3.176332,4
"67","E",3.047602,4
"67","F",3.033971,4
"68","A",3.012792,4
"68","B",2.60774,4
"68","C",2.962501,4
"68","D",2.862087,4
"68","E",3.265679,4
"68","F",2.86938,4
"69","A",3.096994,4
"69","B",2.615185,4
"69","C",3.306077,4
"69","D",2.803209,4
"69","E",3.469074,4
"69","F",2.700454,4
"70","A",2.802105,4
"70","B",2.756124,4
"70","C",2.909922,4
"70","D",3.106263,4
"70","E",2.784233,4
"70","F",2.806119,4
"71","A",3.145706,4
"71","B",2.860713,4
"71","C",3.05383,4
"71","D",3.214125,4
"71","E",2.890107,4
"71","F",3.03009,4
"72","A",3.107698,4
"72","B",2.961936,4
"72","C",3.000561,4
"72","D",3.095198,4
"72","E",3.107414,4
"72","F",3.369376,4
"73","A",3.122091,4
"73","B",3.058955,4
"73","C",3.19205,4
"73","D",2.815134,4
"73","E",2.914768,4
"73","F",2.987426,4
"74","A",2.952576,4
"74","B",2.82467,4
"74","C",2.971607,4
"74","D",2.909175,4
"74","E",2.681766,4
"74","F",2.772758,4
"75","A",2.920741,4
"75","B",2.936958,4
"75","C",2.89543,4
"75","D",2.993904,4
"75","E",2.724078,4
"75","F",2.897129,4
"313","A",3.660356,4
"313","B",3.270196,4
"313","C",2.869573,4
"313","D",2.992152,4
"313","E",3.040141,4
"313","F",3.005375,4
"314","A",3.165181,4
"314","B",2.886934,4
"314","C",2.882103,4
"314","D",3.169006,4
"314","E",3.038271,4
"314","F",3.447343,4
"315","A",3.435741,4
"315","B",3.445163,4
"315","C",3.361032,4
"315","D",3.726288,4
"315","E",3.215505,4
"315","F",3.483332,4
"317","A",3.271268,4
"317","B",3.720653,4
"317","C",3.422445,4
"317","D",3.511116,4
"317","E",3.395576,4
"317","F",3.550597,4
"318","A",3.451355,4
"318","B",3.372292,4
"318","C",3.406714,4
"318","D",3.316906,4
"318","E",3.541866,4
"318","F",3.502777,4
"320","A",3.263796,4
"320","B",3.544564,4
"320","C",2.913207,4
"320","D",3.139334,4
"320","E",3.077873,4
"320","F",2.842434,4
"322","A",3.072972,4
"322","B",3.283732,4
"322","C",3.35907,4
"322","D",3.686934,4
"322","E",3.230909,4
"322","F",3.368161,4
"323","A",3.592366,4
"323","B",3.73546,4
"323","C",3.365912,4
"323","D",3.55967,4
"323","E",3.18788,4
"323","F",3.36121,4
"324","A",2.693954,4
"324","B",3.146633,4
"324","C",3.035825,4
"324","D",3.002367,4
"324","E",3.093806,4
"324","F",2.893203,4
"325","A",2.765277,4
"325","B",3.429258,4
"325","C",3.594126,4
"325","D",3.322078,4
"325","E",2.965444,4
"325","F",3.25242,4
"326","A",3.779325,4
"326","B",3.512186,4
"326","C",3.318144,4
"326","D",3.258818,4
"326","E",3.358213,4
"326","F",3.311154,4
"328","A",3.548185,4
"328","B",3.757484,4
"328","C",3.013069,4
"328","D",2.87474,4
"328","E",2.895371,4
"328","F",2.656954,4
"329","A",3.178373,4
"329","B",3.568688,4
"329","C",2.702182,4
"329","D",2.780484,4
"329","E",2.848291,4
"329","F",3.526373,4
"330","A",2.832386,4
"330","B",3.144395,4
"330","C",3.014363,4
"330","D",3.138278,4
"330","E",3.075688,4
"330","F",3.413807,4
"332","A",3.414921,4
"332","B",3.563393,4
"332","C",3.819493,4
"332","D",3.346466,4
"332","E",3.280895,4
"332","F",3.505892,4
"333","A",3.255661,4
"333","B",3.22422,4
"333","C",3.379873,4
"333","D",2.991296,4
"333","E",3.106626,4
"333","F",3.538464,4
"334","A",3.476907,4
"334","B",3.346301,4
"334","C",3.384425,4
"334","D",3.495887,4
"334","E",3.552216,4
"334","F",3.238166,4
"335","A",3.99918,4
"335","B",3.424978,4
"335","C",3.159461,4
"335","D",3.505245,4
"335","E",3.357919,4
"335","F",3.396362,4
"336","A",3.495969,4
"336","B",3.695519,4
"336","C",3.355191,4
"336","D",3.779599,4
"336","E",3.162982,4
"336","F",3.80559,4
"339","A",3.13139,4
"339","B",3.148796,4
"339","C",3.280061,4
"339","D",3.544913,4
"339","E",3.06562,4
"339","F",3.52383,4
"340","A",3.290051,4
"340","B",3.019666,4
"340","C",3.400072,4
"340","D",3.636388,4
"340","E",3.378546,4
"340","F",3.088623,4
"341","A",3.359004,4
"341","B",3.375488,4
"341","C",3.458291,4
"341","D",3.25779,4
"341","E",3.209003,4
"341","F",3.248936,4
"342","A",3.136484,4
"342","B",3.3621,4
"342","C",3.128453,4
"342","D",2.937766,4
"342","E",3.074316,4
"342","F",3.042321,4
"343","A",3.058657,4
"343","B",2.88133,4
"343","C",3.106261,4
"343","D",2.988061,4
"343","E",3.011358,4
"343","F",2.852367,4
"344","A",3.219849,4
"344","B",3.345559,4
"344","C",3.14221,4
"344","D",3.476236,4
"344","E",3.185052,4
"344","F",3.263222,4
"345","A",3.22567,4
"345","B",3.285973,4
"345","C",3.236729,4
"345","D",3.369538,4
"345","E",2.835432,4
"345","F",3.376767,4
"348","A",3.57375,4
"348","B",3.138644,4
"348","C",3.641387,4
"348","D",3.31615,4
"348","E",3.539855,4
"348","F",3.623591,4
"350","A",3.751124,4
"350","B",3.773894,4
"350","C",3.497902,4
"350","D",3.609154,4
"350","E",3.380355,4
"350","F",3.284461,4
"351","A",3.400975,4
"351","B",3.472322,4
"351","C",3.678964,4
"351","D",3.286615,4
"351","E",3.096653,4
"351","F",3.220399,4
"352","A",3.573002,4
"352","B",3.335853,4
"352","C",3.427184,4
"352","D",3.372453,4
"352","E",3.168598,4
"352","F",3.118028,4
"353","A",4.106994,4
"353","B",3.050549,4
"353","C",3.327958,4
"353","D",3.562663,4
"353","E",3.624288,4
"353","F",3.125683,4
"354","A",3.992525,4
"354","B",3.720493,4
"354","C",3.627358,4
"354","D",3.519037,4
"354","E",3.606485,4
"354","F",3.596373,4
"355","A",3.643907,4
"355","B",3.958783,4
"355","C",3.075442,4
"355","D",3.274217,4
"355","E",3.444156,4
"355","F",3.667651,4
"356","A",3.990188,4
"356","B",3.743302,4
"356","C",3.583645,4
"356","D",3.153451,4
"356","E",3.460662,4
"356","F",3.462174,4
"357","A",3.716947,4
"357","B",3.312316,4
"357","C",3.334243,4
"357","D",3.491756,4
"357","E",3.389241,4
"357","F",3.618057,4
"358","A",3.686357,4
"358","B",3.314233,4
"358","C",3.330253,4
"358","D",3.391068,4
"358","E",3.293496,4
"358","F",3.6108,4
"359","A",3.559991,4
"359","B",3.381417,4
"359","C",3.562413,4
"359","D",3.497931,4
"359","E",3.53319,4
"359","F",3.575704,4
"360","A",3.150633,4
"360","B",3.368406,4
"360","C",3.951262,4
"360","D",3.591556,4
"360","E",3.26027,4
"360","F",3.27277,4
"361","A",3.482121,4
"361","B",3.428893,4
"361","C",3.851064,4
"361","D",3.098237,4
"361","E",3.6461,4
"361","F",3.139082,4
"362","A",3.458245,4
"362","B",3.579931,4
"362","C",3.45841,4
"362","D",3.56232,4
"362","E",3.265988,4
"362","F",3.56268,4
"365","A",3.301287,4
"365","B",3.140972,4
"365","C",3.057287,4
"365","D",3.267088,4
"365","E",3.264686,4
"365","F",3.198976,4
"366","A",3.112865,4
"366","B",3.298991,4
"366","C",3.215566,4
"366","D",3.380191,4
"366","E",3.158983,4
"366","F",3.084034,4
"367","A",3.191564,4
"367","B",3.347152,4
"367","C",3.25269,4
"367","D",3.225652,4
"367","E",3.009877,4
"367","F",3.163861,4
"369","A",3.653478,4
"369","B",3.602726,4
"369","C",3.022493,4
"369","D",3.672409,4
"369","E",3.404755,4
"369","F",3.397874,4
"370","A",3.220685,4
"370","B",3.271846,4
"370","C",3.113227,4
"370","D",3.506413,4
"370","E",2.863432,4
"370","F",3.241068,4
"371","A",3.214053,4
"371","B",3.39422,4
"371","C",3.450729,4
"371","D",3.563315,4
"371","E",3.210016,4
"371","F",3.460219,4
"372","A",3.409629,4
"372","B",3.110563,4
"372","C",3.401921,4
"372","D",3.182239,4
"372","E",3.210582,4
"372","F",3.302942,4
"374","A",3.230179,4
"374","B",3.250118,4
"374","C",2.99037,4
"374","D",3.0649,4
"374","E",3.135726,4
"374","F",3.174132,4
"375","A",3.49918,4
"375","B",3.838319,4
"375","C",3.257411,4
"375","D",3.336775,4
"375","E",3.306745,4
"375","F",3.419592,4
"376","A",3.099404,4
"376","B",3.411014,4
"376","C",3.277244,4
"376","D",3.41031,4
"376","E",3.32879,4
"376","F",3.389261,4
"377","A",3.574959,4
"377","B",3.314781,4
"377","C",3.386785,4
"377","D",3.209084,4
"377","E",3.445128,4
"377","F",3.289861,4
"378","A",3.336424,4
"378","B",3.688466,4
"378","C",3.298293,4
"378","D",3.56455,4
"378","E",3.482512,4
"378","F",3.257875,4
"379","A",3.282653,4
"379","B",3.321467,4
"379","C",3.220855,4
"379","D",3.098102,4
"379","E",3.438615,4
"379","F",3.750801,4
"381","A",4.076059,4
"381","B",3.417139,4
"381","C",3.310903,4
"381","D",3.384499,4
"381","E",3.575542,4
"381","F",3.548594,4
"382","A",3.278471,4
"382","B",3.563693,4
"382","C",3.600123,4
"382","D",3.620365,4
"382","E",3.310055,4
"382","F",3.112541,4
"383","A",3.680411,4
"383","B",3.307296,4
"383","C",3.008414,4
"383","D",3.513894,4
"383","E",3.251358,4
"383","F",2.938212,4
"384","A",3.152807,4
"384","B",3.025514,4
"384","C",3.189329,4
"384","D",3.19216,4
"384","E",3.059227,4
"384","F",2.836716,4
"385","A",3.072603,4
"385","B",3.072321,4
"385","C",2.914562,4
"385","D",3.089356,4
"385","E",2.808368,4
"385","F",3.073649,4
"386","A",3.055958,4
"386","B",3.26829,4
"386","C",3.192466,4
"386","D",3.287843,4
"386","E",3.037636,4
"386","F",3.211655,4
"387","A",3.417199,4
"387","B",3.000031,4
"387","C",3.107839,4
"387","D",3.154805,4
"387","E",3.442353,4
"387","F",2.811709,4
"388","A",3.177086,4
"388","B",3.1773,4
"388","C",3.001211,4
"388","D",3.31987,4
"388","E",3.045087,4
"388","F",3.025863,4
